{
"events": [
{
"id": 237,
"date": "2025-08-14",
"dayNumber": 14,
"dayNumberTh": "14th",
"dayNameAbbr": "Thu",
"dayName": "Thursday",
"monthNameAbbr": "Aug",
"monthName": "August",
"yearNumber": 2025,
"setupTime24hr": "09:00",
"startTime24hr": "09:00",
"endTime24hr": "10:00",
"packDownTime24hr": "10:00",
"setupTimeFriendly": "9am",
"startTimeFriendly": "9am",
"endTimeFriendly": "10am",
"packDownTimeFriendly": "10am",
"bookingFormId": 0,
"show_as_current": "N",
"title": "Test Event",
"allDay": 0,
"description": "Contact Leo",
"passRequired": "N",
"locationsDecode": [],
"webLink": "",
"colorCode": "",
"questions": [],
"invitees": [
{
"group_id": 848,
"name": "Leo's Testing Group",
"isadmin": "Y",
"canadmin": "N",
"attendanceCapacity": 0
}
],
"inviteesHasAdmin": "Y",
"inviteesHasCanAdmin": "N",
"inviteesOthers": [
{
"community": "N"
},
{
"public": "N"
}
],
"availableInvitees": [
{
"id": 848,
"name": "Leo's Testing Group"
}
]
}
]
}