{
  "project_info": {
    "project_number": "890321050195",
    "project_id": "geochat-1abd7",
    "storage_bucket": "geochat-1abd7.firebasestorage.app"
  },
  "client": [
    {
      "client_info": {
        "mobilesdk_app_id": "1:890321050195:android:b07b77571d3a89a4ed44a6",
        "android_client_info": {
          "package_name": "nz.ac.canterbury.seng303.groupf"
        }
      },
      "oauth_client": [],
      "api_key": [
        {
          "current_key": "AIzaSyA66GezwaBySAHQi1OV4U0kHq23N0I6f-M"
        }
      ],
      "services": {
        "appinvite_service": {
          "other_platform_oauth_client": []
        }
      }
    }
  ],
  "configuration_version": "1"
}